Time       ,I(Iprim)   ,V(L1)      
0,5.991289985,0
0.00001,6.130782762,0.80859417
0.00002,6.269354904,1.617125197
0.00003,6.406982577,2.425529951
0.00004,6.543642171,3.23374533
0.00005,6.679310311,4.041708271
0.00006,6.81396386,4.849355768
0.00007,6.947579925,5.656624882
0.00008,7.080135862,6.463452756
0.00009,7.211609283,7.269776629
0.0001,7.34197806,8.075533846
0.00011,7.471220332,8.880661878
0.00012,7.599314506,9.685098329
0.00013,7.72623927,10.48878095
0.00014,7.851973591,11.29164767
0.00015,7.976496722,12.09363658
0.00016,8.099788208,12.89468595
0.00017,8.221827893,13.69473427
0.00018,8.34259592,14.49372025
0.00019,8.462072738,15.29158282
0.0002,8.580239109,16.08826114
0.00021,8.69707611,16.88369466
0.00022,8.812565137,17.67782306
0.00023,8.926687912,18.47058632
0.00024,9.039426486,19.26192472
0.00025,9.150763243,20.05177883
0.00026,9.260680904,20.84008957
0.00027,9.369162534,21.62679814
0.00028,9.476191543,22.41184615
0.00029,9.581751689,23.19517551
0.0003,9.685827087,23.97672853
0.00031,9.788402207,24.7564479
0.00032,9.889461882,25.5342767
0.00033,9.98899131,26.31015842
0.00034,10.08697606,27.08403697
0.00035,10.18340206,27.85585667
0.00036,10.27825563,28.62556231
0.00037,10.37152347,29.39309912
0.00038,10.46319265,30.15841281
0.00039,10.55325062,30.92144953
0.0004,10.64168523,31.68215597
0.00041,10.72848472,32.44047927
0.00042,10.81363773,33.19636712
0.00043,10.89713328,33.94976772
0.00044,10.9789608,34.70062978
0.00045,11.05911011,35.44890258
0.00046,11.13757145,36.19453595
0.00047,11.21433546,36.93748028
0.00048,11.28939318,37.67768654
0.00049,11.36273608,38.41510626
0.0005,11.43435601,39.14969161
0.00051,11.50424528,39.88139532
0.00052,11.57239657,40.61017076
0.00053,11.638803,41.33597193
0.00054,11.70345813,42.05875344
0.00055,11.76635589,42.77847056
0.00056,11.82749068,43.49507921
0.00057,11.8868573,44.20853596
0.00058,11.94445098,44.91879807
0.00059,12.00026738,45.62582346
0.0006,12.05430259,46.32957075
0.00061,12.1065531,47.02999925
0.00062,12.15701587,47.72706897
0.00063,12.20568825,48.42074063
0.00064,12.25256806,49.11097569
0.00065,12.29765352,49.79773631
0.00066,12.34094329,50.48098539
0.00067,12.38243646,51.1606866
0.00068,12.42213255,51.83680431
0.00069,12.46003151,52.50930369
0.0007,12.49613373,53.17815065
0.00071,12.53044003,53.84331187
0.00072,12.56295164,54.50475481
0.00073,12.59367024,55.16244771
0.00074,12.62259793,55.8163596
0.00075,12.64973726,56.4664603
0.00076,12.67509117,57.11272043
0.00077,12.69866307,57.75511142
0.00078,12.72045675,58.39360549
0.00079,12.74047647,59.02817569
0.0008,12.75872689,59.6587959
0.00081,12.77521309,60.28544079
0.00082,12.78994059,60.9080859
0.00083,12.80291531,61.52670757
0.00084,12.8141436,62.14128299
0.00085,12.82363223,62.75179018
0.00086,12.83138837,63.35820802
0.00087,12.83741963,63.96051622
0.00088,12.841734,64.55869536
0.00089,12.8443399,65.15272685
0.0009,12.84524615,65.74259297
0.00091,12.84446198,66.32827686
0.00092,12.84199701,66.90976252
0.00093,12.83786128,67.4870348
0.00094,12.83206521,68.06007943
0.00095,12.82461961,68.62888301
0.00096,12.81553571,69.19343298
0.00097,12.80482511,69.75371767
0.00098,12.79249979,70.3097263
0.00099,12.77857213,70.86144892
0.001,12.76305487,71.40887648
0.00101,12.74596115,71.95200079
0.00102,12.72730446,72.49081454
0.00103,12.70709869,73.02531129
0.00104,12.68535806,73.55548547
0.00105,12.66209717,74.08133238
0.00106,12.637331,74.6028482
0.00107,12.61107485,75.12002998
0.00108,12.58334439,75.63287562
0.00109,12.55415564,76.14138391
0.0011,12.52352495,76.6455545
0.00111,12.49146903,77.1453879
0.00112,12.4580049,77.6408855
0.00113,12.42314993,78.13204952
0.00114,12.38692181,78.61888306
0.00115,12.34933855,79.10139008
0.00116,12.31041849,79.57957539
0.00117,12.27018027,80.05344463
0.00118,12.22864283,80.52300432
0.00119,12.18582544,80.98826179
0.0012,12.14174764,81.44922525
0.00121,12.09642929,81.9059037
0.00122,12.04989052,82.35830701
0.00123,12.00215175,82.80644587
0.00124,11.95323368,83.25033177
0.00125,11.90315728,83.68997706
0.00126,11.85194379,84.12539487
0.00127,11.79961472,84.55659915
0.00128,11.74619182,84.98360467
0.00129,11.6916971,85.40642698
0.0013,11.63615283,85.82508243
0.00131,11.57958151,86.23958815
0.00132,11.52200587,86.64996207
0.00133,11.46344886,87.05622288
0.00134,11.4039337,87.45839005
0.00135,11.34348376,87.85648381
0.00136,11.28212269,88.25052513
0.00137,11.21987429,88.64053576
0.00138,11.15676259,89.02653817
0.00139,11.09281182,89.40855556
0.0014,11.02804638,89.78661189
0.00141,10.96249085,90.16073179
0.00142,10.89617001,90.53094066
0.00143,10.82910878,90.89726456
0.00144,10.76133227,91.25973027
0.00145,10.69286573,91.61836524
0.00146,10.62373457,91.97319762
0.00147,10.55396433,92.32425621
0.00148,10.4835807,92.67157049
0.00149,10.41260951,93.01517058
0.0015,10.3410767,93.35508726
0.00151,10.26900833,93.69135193
0.00152,10.19643058,94.02399661
0.00153,10.12336974,94.35305397
0.00154,10.04985217,94.67855724
0.00155,9.97590437,95.00054029
0.00156,9.901552883,95.31903754
0.00157,9.826824352,95.63408401
0.00158,9.751745488,95.94571528
0.00159,9.67634307,96.25396749
0.0016,9.600643935,96.55887731
0.00161,9.524674971,96.86048196
0.00162,9.448463114,97.15881917
0.00163,9.372035338,97.45392721
0.00164,9.295418651,97.74584483
0.00165,9.218640084,98.03461126
0.00166,9.14172669,98.32026623
0.00167,9.064705531,98.60284994
0.00168,8.987603677,98.88240304
0.00169,8.910448195,99.15896661
0.0017,8.833266145,99.43258218
0.00171,8.756084572,99.70329172
0.00172,8.678930497,99.97113756
0.00173,8.601830917,100.2361625
0.00174,8.524812789,100.4984096
0.00175,8.447903032,100.7579225
0.00176,8.371128516,101.0147449
0.00177,8.294516052,101.2689212
0.00178,8.218092394,101.5204959
0.00179,8.141884225,101.7695138
0.0018,8.065918152,102.0160202
0.00181,7.990220701,102.2600606
0.00182,7.91481831,102.5016807
0.00183,7.83973732,102.7409266
0.00184,7.765003972,102.9778447
0.00185,7.690644398,103.2124814
0.00186,7.616684616,103.4448836
0.00187,7.543150521,103.6750982
0.00188,7.470067881,103.9031726
0.00189,7.397462331,104.1291541
0.0019,7.325359364,104.3530903
0.00191,7.253784326,104.575029
0.00192,7.18276241,104.7950181
0.00193,7.112318649,105.0131058
0.00194,7.042477912,105.2293401
0.00195,6.973264893,105.4437694
0.00196,6.904704111,105.6564421
0.00197,6.836819898,105.8674067
0.00198,6.769636396,106.0767119
0.00199,6.703177552,106.2844061
0.002,6.63746711,106.4905381
0.00201,6.572528604,106.6951567
0.00202,6.508385356,106.8983106
0.00203,6.445060467,107.1000485
0.00204,6.382576811,107.3004191
0.00205,6.320957033,107.4994713
0.00206,6.260223539,107.6972537
0.00207,6.200398491,107.8938149
0.00208,6.141503807,108.0892035
0.00209,6.083561146,108.2834681
0.0021,6.026591911,108.4766571
0.00211,5.970617239,108.6688188
0.00212,5.915657999,108.8600015
0.00213,5.861734782,109.0502532
0.00214,5.8088679,109.2396218
0.00215,5.757077382,109.4281553
0.00216,5.706382963,109.6159012
0.00217,5.656804084,109.8029071
0.00218,5.608359887,109.9892201
0.00219,5.561069208,110.1748873
0.0022,5.514950573,110.3599556
0.00221,5.470022195,110.5444716
0.00222,5.426301967,110.7284817
0.00223,5.383807459,110.912032
0.00224,5.342555914,111.0951683
0.00225,5.302564241,111.2779363
0.00226,5.263849015,111.4603811
0.00227,5.226426469,111.6425479
0.00228,5.190312492,111.8244811
0.00229,5.155522625,112.0062252
0.0023,5.122072056,112.1878241
0.00231,5.089975616,112.3693215
0.00232,5.059247777,112.5507606
0.00233,5.029902649,112.7321843
0.00234,5.001953971,112.913635
0.00235,4.975415114,113.0951549
0.00236,4.950299076,113.2767857
0.00237,4.926618474,113.4585685
0.00238,4.90438555,113.6405442
0.00239,4.883612157,113.8227532
0.0024,4.864309766,114.0052354
0.00241,4.846489455,114.1880301
0.00242,4.830161913,114.3711763
0.00243,4.815337432,114.5547126
0.00244,4.802025907,114.7386768
0.00245,4.790236834,114.9231064
0.00246,4.779979306,115.1080383
0.00247,4.77126201,115.293509
0.00248,4.764093229,115.4795541
0.00249,4.758480834,115.6662091
0.0025,4.754432288,115.8535086
0.00251,4.751954638,116.0414868
0.00252,4.751054519,116.2301773
0.00253,4.751738148,116.419613
0.00254,4.754011325,116.6098263
0.00255,4.757879429,116.800849
0.00256,4.763347421,116.9927122
0.00257,4.770419836,117.1854463
0.00258,4.77910079,117.3790814
0.00259,4.789393971,117.5736465
0.0026,4.801302644,117.7691703
0.00261,4.814829646,117.9656808
0.00262,4.829977388,118.163205
0.00263,4.846747854,118.3617696
0.00264,4.865142599,118.5614005
0.00265,4.885162749,118.7621228
0.00266,4.906809003,118.9639611
0.00267,4.930081628,119.166939
0.00268,4.954980464,119.3710797
0.00269,4.98150492,119.5764055
0.0027,5.009653978,119.782938
0.00271,5.039426188,119.9906981
0.00272,5.070819675,120.1997059
0.00273,5.103832132,120.4099808
0.00274,5.138460826,120.6215414
0.00275,5.174702598,120.8344057
0.00276,5.21255386,121.0485906
0.00277,5.2520106,121.2641127
0.00278,5.293068381,121.4809874
0.00279,5.335722343,121.6992296
0.0028,5.379967202,121.9188532
0.00281,5.425797255,122.1398715
0.00282,5.473206376,122.3622969
0.00283,5.522188023,122.5861411
0.00284,5.572735238,122.8114149
0.00285,5.624840644,123.0381284
0.00286,5.678496455,123.2662907
0.00287,5.733694471,123.4959103
0.00288,5.790426082,123.7269947
0.00289,5.848682271,123.9595509
0.0029,5.908453618,124.1935848
0.00291,5.969730297,124.4291014
0.00292,6.032502082,124.6661052
0.00293,6.096758349,124.9045997
0.00294,6.16248808,125.1445875
0.00295,6.229679861,125.3860705
0.00296,6.29832189,125.6290497
0.00297,6.368401978,125.8735253
0.00298,6.439907549,126.1194967
0.00299,6.512825649,126.3669625
0.003,6.587142944,126.6159202
0.00301,6.662845724,126.8663668
0.00302,6.739919911,127.1182983
0.00303,6.818351056,127.3717099
0.00304,6.898124346,127.6265961
0.00305,6.979224607,127.8829502
0.00306,7.061636308,128.1407651
0.00307,7.145343564,128.4000325
0.00308,7.23033014,128.6607437
0.00309,7.316579458,128.9228887
0.0031,7.404074595,129.186457
0.00311,7.492798292,129.4514372
0.00312,7.582732956,129.717817
0.00313,7.673860667,129.9855833
0.00314,7.766163177,130.2547223
0.00315,7.859621922,130.5252193
0.00316,7.954218018,130.7970587
0.00317,8.049932274,131.0702243
0.00318,8.146745191,131.3446988
0.00319,8.244636967,131.6204645
0.0032,8.343587505,131.8975026
0.00321,8.443576417,132.1757935
0.00322,8.544583026,132.455317
0.00323,8.646586376,132.736052
0.00324,8.749565231,133.0179766
0.00325,8.853498087,133.3010682
0.00326,8.958363172,133.5853033
0.00327,9.064138454,133.8706578
0.00328,9.170801644,134.1571067
0.00329,9.278330206,134.4446244
0.0033,9.386701357,134.7331844
0.00331,9.495892076,135.0227594
0.00332,9.60587911,135.3133216
0.00333,9.716638976,135.6048424
0.00334,9.828147973,135.8972923
0.00335,9.94038218,136.1906412
0.00336,10.05331747,136.4848583
0.00337,10.16692951,136.7799122
0.00338,10.28119376,137.0757706
0.00339,10.39608551,137.3724005
0.0034,10.51157984,137.6697685
0.00341,10.62765167,137.9678402
0.00342,10.74427573,138.2665807
0.00343,10.86142658,138.5659545
0.00344,10.97907865,138.8659253
0.00345,11.09720618,139.1664563
0.00346,11.21578328,139.4675099
0.00347,11.3347839,139.769048
0.00348,11.45418187,140.0710318
0.00349,11.57395089,140.373422
0.0035,11.69406454,140.6761787
0.00351,11.81449626,140.9792613
0.00352,11.93521941,141.2826287
0.00353,12.05620722,141.5862392
0.00354,12.17743285,141.8900505
0.00355,12.29886934,142.1940199
0.00356,12.42048968,142.4981041
0.00357,12.54226675,142.8022591
0.00358,12.66417338,143.1064406
0.00359,12.78618232,143.4106037
0.0036,12.90826629,143.714703
0.00361,13.03039793,144.0186927
0.00362,13.15254986,144.3225264
0.00363,13.27469464,144.6261573
0.00364,13.39680482,144.9295381
0.00365,13.51885292,145.2326212
0.00366,13.64081143,145.5353583
0.00367,13.76265286,145.837701
0.00368,13.88434968,146.1396002
0.00369,14.00587439,146.4410067
0.0037,14.1271995,146.7418706
0.00371,14.24829752,147.0421419
0.00372,14.36914099,147.3417701
0.00373,14.4897025,147.6407044
0.00374,14.60995465,147.9388935
0.00375,14.7298701,148.2362861
0.00376,14.84942155,148.5328304
0.00377,14.96858177,148.8284742
0.00378,15.08732359,149.1231651
0.00379,15.20561991,149.4168506
0.0038,15.3234437,149.7094777
0.00381,15.44076802,150.0009932
0.00382,15.55756603,150.2913439
0.00383,15.67381098,150.580476
0.00384,15.78947621,150.8683357
0.00385,15.9045352,151.154869
0.00386,16.01896152,151.4400217
0.00387,16.13272888,151.7237395
0.00388,16.24581111,152.0059677
0.00389,16.35818218,152.2866519
0.0039,16.46981622,152.565737
0.00391,16.58068747,152.8431683
0.00392,16.69077037,153.1188906
0.00393,16.80003949,153.392849
0.00394,16.90846958,153.6649881
0.00395,17.01603557,153.9352528
0.00396,17.12271256,154.2035877
0.00397,17.22847583,154.4699376
0.00398,17.33330088,154.7342469
0.00399,17.43716339,154.9964605
0.004,17.54003924,155.2565228
0.00401,17.64190453,155.5143787
0.00402,17.74273557,155.7699726
0.00403,17.84250891,156.0232495
0.00404,17.94120131,156.274154
0.00405,18.03878976,156.522631
0.00406,18.13525151,156.7686255
0.00407,18.23056403,157.0120824
0.00408,18.32470508,157.2529471
0.00409,18.41765262,157.4911647
0.0041,18.50938492,157.7266807
0.00411,18.5998805,157.9594406
0.00412,18.68911815,158.1893902
0.00413,18.77707693,158.4164753
0.00414,18.86373621,158.6406422
0.00415,18.94907561,158.8618372
0.00416,19.03307507,159.0800067
0.00417,19.11571483,159.2950975
0.00418,19.1969754,159.5070567
0.00419,19.27683764,159.7158315
0.0042,19.3552827,159.9213695
0.00421,19.43229204,160.1236184
0.00422,19.50784746,160.3225266
0.00423,19.58193106,160.5180422
0.00424,19.6545253,160.7101142
0.00425,19.72561296,160.8986917
0.00426,19.79517715,161.083724
0.00427,19.86320134,161.2651609
0.00428,19.92966933,161.4429528
0.00429,19.9945653,161.61705
0.0043,20.05787374,161.7874036
0.00431,20.11957954,161.953965
0.00432,20.17966793,162.116686
0.00433,20.23812451,162.2755187
0.00434,20.29493525,162.4304158
0.00435,20.3500865,162.5813306
0.00436,20.40356499,162.7282165
0.00437,20.4553578,162.8710277
0.00438,20.50545242,163.0097188
0.00439,20.55383673,163.1442448
0.0044,20.60049899,163.2745614
0.00441,20.64542783,163.4006245
0.00442,20.68861231,163.522391
0.00443,20.73004187,163.6398181
0.00444,20.76970634,163.7528634
0.00445,20.80759599,163.8614853
0.00446,20.84370145,163.9656428
0.00447,20.87801378,164.0652953
0.00448,20.91052445,164.160403
0.00449,20.94122534,164.2509265
0.0045,20.97010873,164.3368273
0.00451,20.99716733,164.4180672
0.00452,21.02239427,164.4946089
0.00453,21.04578309,164.5664157
0.00454,21.06732775,164.6334515
0.00455,21.08702263,164.6956808
0.00456,21.10486255,164.7530689
0.00457,21.12084274,164.8055818
0.00458,21.13495885,164.853186
0.00459,21.14720697,164.8958491
0.0046,21.15758362,164.9335389
0.00461,21.16608573,164.9662243
0.00462,21.17271069,164.9938748
0.00463,21.17745628,165.0164607
0.00464,21.18032075,165.0339528
0.00465,21.18130275,165.046323
0.00466,21.18040138,165.0535437
0.00467,21.17761617,165.0555882
0.00468,21.17294708,165.0524305
0.00469,21.1663945,165.0440454
0.0047,21.15795925,165.0304086
0.00471,21.14764257,165.0114963
0.00472,21.13544617,164.9872858
0.00473,21.12137215,164.9577551
0.00474,21.10542306,164.9228829
0.00475,21.08760188,164.8826489
0.00476,21.06791201,164.8370335
0.00477,21.04635729,164.7860179
0.00478,21.02294196,164.7295843
0.00479,20.99767073,164.6677155
0.0048,20.97054871,164.6003954
0.00481,20.94158142,164.5276085
0.00482,20.91077482,164.4493403
0.00483,20.8781353,164.3655772
0.00484,20.84366965,164.2763062
0.00485,20.8073851,164.1815154
0.00486,20.76928926,164.0811937
0.00487,20.72939019,163.9753309
0.00488,20.68769634,163.8639175
0.00489,20.64421658,163.7469452
0.0049,20.5989602,163.6244063
0.00491,20.55193686,163.4962941
0.00492,20.50315666,163.3626026
0.00493,20.45263009,163.2233269
0.00494,20.40036801,163.078463
0.00495,20.34638172,162.9280076
0.00496,20.29068289,162.7719584
0.00497,20.23328358,162.6103139
0.00498,20.17419624,162.4430737
0.00499,20.11343369,162.2702381
0.005,20.05100916,162.0918083
0.00501,19.98693624,161.9077864
0.00502,19.92122889,161.7181755
0.00503,19.85390145,161.5229795
0.00504,19.78496861,161.3222031
0.00505,19.71444546,161.1158521
0.00506,19.64234741,160.9039331
0.00507,19.56869024,160.6864535
0.00508,19.4934901,160.4634217
0.00509,19.41676346,160.2348469
0.0051,19.33852716,160.0007393
0.00511,19.25879836,159.7611098
0.00512,19.17759457,159.5159703
0.00513,19.09493361,159.2653337
0.00514,19.01083366,159.0092135
0.00515,18.92531319,158.7476242
0.00516,18.83839102,158.4805813
0.00517,18.75008625,158.2081009
0.00518,18.66041832,157.9302003
0.00519,18.56940696,157.6468973
0.0052,18.47707218,157.3582108
0.00521,18.38343433,157.0641604
0.00522,18.288514,156.7647668
0.00523,18.19233211,156.4600512
0.00524,18.09490982,156.1500359
0.00525,17.99626858,155.8347439
0.00526,17.89643012,155.5141991
0.00527,17.79541641,155.1884261
0.00528,17.69324971,154.8574506
0.00529,17.58995249,154.5212988
0.0053,17.48554751,154.1799979
0.00531,17.38005774,153.8335757
0.00532,17.2735064,153.4820611
0.00533,17.16591694,153.1254836
0.00534,17.05731303,152.7638734
0.00535,16.94771856,152.3972617
0.00536,16.83715764,152.0256803
0.00537,16.72565456,151.6491618
0.00538,16.61323386,151.2677395
0.00539,16.49992022,150.8814477
0.0054,16.38573854,150.4903212
0.00541,16.2707139,150.0943955
0.00542,16.15487156,149.6937069
0.00543,16.03823693,149.2882926
0.00544,15.92083561,148.8781902
0.00545,15.80269333,148.4634382
0.00546,15.68383599,148.0440757
0.00547,15.56428964,147.6201425
0.00548,15.44408046,147.1916791
0.00549,15.32323475,146.7587267
0.0055,15.20177895,146.3213271
0.00551,15.07973962,145.8795227
0.00552,14.95714344,145.4333566
0.00553,14.83401717,144.9828725
0.00554,14.71038769,144.5281148
0.00555,14.58628198,144.0691283
0.00556,14.46172707,143.6059588
0.00557,14.33675012,143.1386521
0.00558,14.21137832,142.6672551
0.00559,14.08563895,142.1918151
0.0056,13.95955935,141.7123798
0.00561,13.8331669,141.2289975
0.00562,13.70648903,140.7417173
0.00563,13.57955322,140.2505885
0.00564,13.45238697,139.755661
0.00565,13.32501782,139.2569853
0.00566,13.1974733,138.7546122
0.00567,13.069781,138.2485933
0.00568,12.94196847,137.7389802
0.00569,12.81406328,137.2258255
0.0057,12.686093,136.7091817
0.00571,12.55808517,136.189102
0.00572,12.43006732,135.6656402
0.00573,12.30206694,135.1388501
0.00574,12.17411149,134.6087862
0.00575,12.04622839,134.0755032
0.00576,11.91844502,133.5390563
0.00577,11.79078869,132.999501
0.00578,11.66328666,132.4568931
0.00579,11.53596612,131.9112888
0.0058,11.40885418,131.3627446
0.00581,11.28197786,130.8113173
0.00582,11.15536412,130.257064
0.00583,11.02903979,129.700042
0.00584,10.90303163,129.1403089
0.00585,10.77736627,128.5779227
0.00586,10.65207024,128.0129415
0.00587,10.52716994,127.4454236
0.00588,10.40269164,126.8754275
0.00589,10.27866149,126.3030121
0.0059,10.15510548,125.7282363
0.00591,10.03204948,125.1511592
0.00592,9.909519172,124.5718401
0.00593,9.787540113,123.9903384
0.00594,9.666137673,123.4067137
0.00595,9.545337058,122.8210257
0.00596,9.425163293,122.233334
0.00597,9.305641221,121.6436987
0.00598,9.186795495,121.0521797
0.00599,9.068650571,120.458837
0.006,8.951230701,119.8637306
0.00601,8.834559932,119.2669207
0.00602,8.718662096,118.6684674
0.00603,8.603560803,118.0684308
0.00604,8.489279441,117.4668711
0.00605,8.375841164,116.8638485
0.00606,8.26326889,116.2594229
0.00607,8.151585294,115.6536545
0.00608,8.040812803,115.0466033
0.00609,7.930973591,114.4383291
0.0061,7.822089571,113.8288919
0.00611,7.714182393,113.2183513
0.00612,7.607273439,112.606767
0.00613,7.501383812,111.9941985
0.00614,7.396534338,111.3807051
0.00615,7.292745558,110.7663461
0.00616,7.19003772,110.1511805
0.00617,7.08843078,109.5352672
0.00618,6.987944392,108.9186649
0.00619,6.888597906,108.301432
0.0062,6.790410362,107.6836269
0.00621,6.693400487,107.0653075
0.00622,6.597586687,106.4465316
0.00623,6.502987047,105.8273567
0.00624,6.409619324,105.2078402
0.00625,6.317500943,104.588039
0.00626,6.226648991,103.9680097
0.00627,6.137080216,103.3478089
0.00628,6.048811023,102.7274924
0.00629,5.961857467,102.107116
0.0063,5.87623525,101.4867352
0.00631,5.791959719,100.8664049
0.00632,5.709045861,100.2461798
0.00633,5.6275083,99.62611412
0.00634,5.547361291,99.00626182
0.00635,5.468618721,98.38667633
0.00636,5.391294102,97.76741072
0.00637,5.315400567,97.14851762
0.00638,5.240950872,96.53004921
0.00639,5.167957387,95.91205723
0.0064,5.096432096,95.29459296
0.00641,5.026386596,94.6777072
0.00642,4.957832088,94.06145026
0.00643,4.890779382,93.44587197
0.00644,4.825238887,92.83102163
0.00645,4.761220615,92.21694804
0.00646,4.698734174,91.60369947
0.00647,4.637788767,90.99132365
0.00648,4.578393192,90.37986775
0.00649,4.520555837,89.7693784
0.0065,4.464284678,89.15990164
0.00651,4.409587279,88.55148295
0.00652,4.35647079,87.94416722
0.00653,4.304941944,87.33799872
0.00654,4.255007055,86.73302114
0.00655,4.206672019,86.12927753
0.00656,4.159942309,85.52681032
0.00657,4.11482298,84.92566133
0.00658,4.071318659,84.32587169
0.00659,4.02943355,83.72748193
0.0066,3.989171434,83.13053186
0.00661,3.950535663,82.53506067
0.00662,3.913529162,81.94110686
0.00663,3.87815443,81.34870823
0.00664,3.844413537,80.7579019
0.00665,3.812308123,80.16872428
0.00666,3.781839401,79.58121108
0.00667,3.753008153,78.99539729
0.00668,3.725814733,78.41131718
0.00669,3.700259065,77.8290043
0.0067,3.676340644,77.24849144
0.00671,3.654058535,76.66981067
0.00672,3.633411376,76.0929933
0.00673,3.614397373,75.51806988
0.00674,3.597014308,74.94507021
0.00675,3.581259533,74.37402333
0.00676,3.567129976,73.80495748
0.00677,3.554622136,73.23790015
0.00678,3.54373209,72.67287803
0.00679,3.53445549,72.10991703
0.0068,3.526787564,71.54904227
0.00681,3.520723122,70.99027807
0.00682,3.516256552,70.43364793
0.00683,3.513381822,69.87917458
0.00684,3.512092485,69.32687991
0.00685,3.512381677,68.77678501
0.00686,3.514242124,68.22891015
0.00687,3.517666135,67.68327479
0.00688,3.522645613,67.13989754
0.00689,3.529172051,66.59879621
0.0069,3.53723654,66.05998776
0.00691,3.546829763,65.52348834
0.00692,3.557942006,64.98931325
0.00693,3.570563154,64.45747696
0.00694,3.584682698,63.92799309
0.00695,3.600289734,63.40087444
0.00696,3.617372969,62.87613296
0.00697,3.635920723,62.35377975
0.00698,3.655920928,61.83382507
0.00699,3.677361139,61.31627834
0.007,3.70022853,60.80114814
0.00701,3.7245099,60.28844218
0.00702,3.750191676,59.77816736
0.00703,3.777259917,59.27032971
0.00704,3.805700318,58.76493441
0.00705,3.83549821,58.26198581
0.00706,3.86663857,57.76148741
0.00707,3.899106018,57.26344187
0.00708,3.932884827,56.767851
0.00709,3.96795892,56.27471577
0.0071,4.004311882,55.78403632
0.00711,4.041926959,55.29581194
0.00712,4.080787062,54.81004108
0.00713,4.120874773,54.32672138
0.00714,4.162172352,53.84584962
0.00715,4.204661734,53.36742176
0.00716,4.248324541,52.89143295
0.00717,4.293142083,52.41787749
0.00718,4.339095364,51.94674888
0.00719,4.386165084,51.47803979
0.0072,4.434331649,51.01174208
0.00721,4.483575169,50.54784681
0.00722,4.533875471,50.08634422
0.00723,4.585212097,49.62722376
0.00724,4.637564313,49.17047407
0.00725,4.690911113,48.716083
0.00726,4.745231225,48.26403763
0.00727,4.800503116,47.81432424
0.00728,4.856704996,47.36692833
0.00729,4.913814825,46.92183464
0.0073,4.97181032,46.47902713
0.00731,5.030668956,46.03848901
0.00732,5.090367977,45.60020273
0.00733,5.150884397,45.16414998
0.00734,5.212195009,44.73031174
0.00735,5.274276389,44.29866822
0.00736,5.337104903,43.86919891
0.00737,5.400656713,43.44188258
0.00738,5.464907782,43.0166973
0.00739,5.529833878,42.59362039
0.0074,5.595410587,42.17262852
0.00741,5.661613311,41.75369762
0.00742,5.72841728,41.33680298
0.00743,5.795797554,40.92191916
0.00744,5.863729032,40.5090201
0.00745,5.932186457,40.09807905
0.00746,6.001144425,39.68906861
0.00747,6.070577386,39.28196074
0.00748,6.140459655,38.87672677
0.00749,6.210765418,38.47333739
0.0075,6.281468735,38.07176269
0.00751,6.352543549,37.67197213
0.00752,6.423963696,37.27393459
0.00753,6.495702904,36.87761834
0.00754,6.567734804,36.4829911
0.00755,6.640032939,36.09001999
0.00756,6.712570763,35.69867159
0.00757,6.785321657,35.30891191
0.00758,6.858258928,34.92070645
0.00759,6.931355819,34.53402015
0.0076,7.004585517,34.14881744
0.00761,7.077921157,33.76506227
0.00762,7.151335828,33.38271804
0.00763,7.224802585,33.00174771
0.00764,7.298294449,32.62211375
0.00765,7.371784419,32.24377815
0.00766,7.445245477,31.86670246
0.00767,7.518650591,31.49084779
0.00768,7.591972731,31.11617481
0.00769,7.665184864,30.74264379
0.0077,7.73825997,30.37021458
0.00771,7.811171046,29.99884663
0.00772,7.883891111,29.628499
0.00773,7.956393214,29.25913042
0.00774,8.02865044,28.8906992
0.00775,8.10063592,28.52316336
0.00776,8.172322832,28.15648054
0.00777,8.243684414,27.79060808
0.00778,8.314693964,27.42550302
0.00779,8.385324855,27.06112207
0.0078,8.455550532,26.69742168
0.00781,8.525344527,26.33435803
0.00782,8.59468046,25.97188702
0.00783,8.66353205,25.60996432
0.00784,8.731873117,25.24854536
0.00785,8.799677593,24.88758534
0.00786,8.866919524,24.52703927
0.00787,8.933573081,24.16686195
0.00788,8.999612565,23.80700801
0.00789,9.06501241,23.44743189
0.0079,9.129747194,23.0880879
0.00791,9.193791643,22.7289302
0.00792,9.25712064,22.3699128
0.00793,9.319709226,22.01098961
0.00794,9.381532611,21.65211445
0.00795,9.442566179,21.29324103
0.00796,9.502785494,20.93432298
0.00797,9.562166304,20.57531389
0.00798,9.620684551,20.21616728
0.00799,9.678316374,19.85683665
0.008,9.735038117,19.49727546
0.00801,9.790826334,19.13743717
0.00802,9.845657793,18.77727524
0.00803,9.899509486,18.41674316
0.00804,9.95235863,18.05579443
0.00805,10.00418268,17.6943826
0.00806,10.05495932,17.3324613
0.00807,10.10466649,16.96998421
0.00808,10.15328237,16.60690508
0.00809,10.20078541,16.24317779
0.0081,10.2471543,15.87875632
0.00811,10.29236801,15.51359476
0.00812,10.33640578,15.14764735
0.00813,10.37924713,14.78086848
0.00814,10.42087185,14.4132127
0.00815,10.46126003,14.04463474
0.00816,10.50039203,13.67508953
0.00817,10.53824855,13.30453217
0.00818,10.57481054,12.93291802
0.00819,10.61005929,12.56020263
0.0082,10.6439764,12.18634183
0.00821,10.67654377,11.81129166
0.00822,10.70774362,11.43500848
0.00823,10.73755853,11.05744888
0.00824,10.76597135,10.67856977
0.00825,10.79296532,10.29832837
0.00826,10.81852399,9.916682197
0.00827,10.84263125,9.533589121
0.00828,10.86527134,9.14900734
0.00829,10.88642887,8.762895413
0.0083,10.90608877,8.375212262
0.00831,10.92423635,7.985917193
0.00832,10.94085727,7.594969901
0.00833,10.95593757,7.202330483
0.00834,10.96946364,6.807959453
0.00835,10.98142226,6.41181775
0.00836,10.99180058,6.013866754
0.00837,11.00058611,5.61406829
0.00838,11.00776678,5.212384648
0.00839,11.01333086,4.808778589
0.0084,11.01726705,4.403213358
0.00841,11.01956441,3.995652691
0.00842,11.02021241,3.586060835
0.00843,11.01920092,3.174402547
0.00844,11.01652019,2.760643116
0.00845,11.01216088,2.344748364
0.00846,11.00611407,1.926684663
0.00847,10.99837122,1.506418942
0.00848,10.98892421,1.083918698
0.00849,10.97776534,0.659152005
0.0085,10.96488732,0.232087526
0.00851,10.95028325,-0.197305479
0.00852,10.93394668,-0.629057146
0.00853,10.91587156,-1.063196989
0.00854,10.89605226,-1.499753903
0.00855,10.87448357,-1.938756144
0.00856,10.8511607,-2.380231327
0.00857,10.8260793,-2.824206413
0.00858,10.79923544,-3.270707705
0.00859,10.77062559,-3.719760834
0.0086,10.74024669,-4.171390755
0.00861,10.70809606,-4.625621738
0.00862,10.67417149,-5.08247736
0.00863,10.63847117,-5.541980495
0.00864,10.60099375,-6.004153309
0.00865,10.56173827,-6.469017253
0.00866,10.52070424,-6.936593053
0.00867,10.47789157,-7.406900707
0.00868,10.43330062,-7.879959473
0.00869,10.38693217,-8.355787868
0.0087,10.33878744,-8.834403657
0.00871,10.28886808,-9.315823847
0.00872,10.23717615,-9.800064686
0.00873,10.18371417,-10.28714165
0.00874,10.12848508,-10.77706944
0.00875,10.07149222,-11.26986198
0.00876,10.0127394,-11.76553241
0.00877,9.952230839,-12.26409307
0.00878,9.889971175,-12.76555552
0.00879,9.825965479,-13.2699305
0.0088,9.760219247,-13.77722797
0.00881,9.692738393,-14.28745706
0.00882,9.623529257,-14.80062609
0.00883,9.552598596,-15.31674257
0.00884,9.479953586,-15.83581319
0.00885,9.40560182,-16.35784381
0.00886,9.329551305,-16.88283945
0.00887,9.251810463,-17.41080433
0.00888,9.172388124,-17.94174181
0.00889,9.091293529,-18.47565442
0.0089,9.008536325,-19.01254385
0.00891,8.924126565,-19.55241096
0.00892,8.838074703,-20.09525575
0.00893,8.750391591,-20.64107737
0.00894,8.661088481,-21.18987416
0.00895,8.570177017,-21.74164356
0.00896,8.477669237,-22.2963822
0.00897,8.383577565,-22.85408584
0.00898,8.287914814,-23.41474939
0.00899,8.190694176,-23.97836691
0.009,8.091929226,-24.54493161
0.00901,7.991633913,-25.11443585
0.00902,7.88982256,-25.68687111
0.00903,7.78650986,-26.26222805
0.00904,7.68171087,-26.84049647
0.00905,7.575441013,-27.4216653
0.00906,7.467716066,-28.00572265
0.00907,7.358552166,-28.59265575
0.00908,7.247965798,-29.18245099
0.00909,7.135973793,-29.77509392
0.0091,7.022593329,-30.37056925
0.00911,6.907841919,-30.96886083
0.00912,6.791737413,-31.56995168
0.00913,6.674297991,-32.17382397
0.00914,6.555542158,-32.78045904
0.00915,6.435488742,-33.38983741
0.00916,6.314156886,-34.00193875
0.00917,6.191566049,-34.6167419
0.00918,6.067735993,-35.23422489
0.00919,5.942686786,-35.85436493
0.0092,5.816438793,-36.47713839
0.00921,5.689012674,-37.10252086
0.00922,5.560429374,-37.7304871
0.00923,5.430710123,-38.36101107
0.00924,5.299876428,-38.99406593
0.00925,5.167950072,-39.62962405
0.00926,5.0349531,-40.267657
0.00927,4.900907823,-40.90813557
0.00928,4.765836807,-41.55102978
0.00929,4.629762872,-42.19630886
0.0093,4.49270908,-42.84394129
0.00931,4.354698736,-43.49389476
0.00932,4.215755377,-44.14613624
0.00933,4.075902771,-44.80063193
0.00934,3.935164909,-45.45734728
0.00935,3.793565998,-46.11624702
0.00936,3.651130457,-46.77729514
0.00937,3.50788291,-47.44045491
0.00938,3.363848181,-48.10568889
0.00939,3.219051287,-48.77295893
0.0094,3.073517433,-49.44222618
0.00941,2.927272005,-50.11345109
0.00942,2.780340563,-50.78659344
0.00943,2.632748839,-51.46161231
0.00944,2.484522724,-52.13846615
0.00945,2.335688267,-52.81711272
0.00946,2.186271668,-53.49750913
0.00947,2.036299269,-54.17961187
0.00948,1.88579755,-54.86337678
0.00949,1.734793122,-55.54875907
0.0095,1.58331272,-56.23571336
0.00951,1.431383198,-56.92419364
0.00952,1.27903152,-57.61415332
0.00953,1.126284755,-58.30554522
0.00954,0.973170072,-58.99832159
0.00955,0.819714729,-59.69243409
0.00956,0.665946071,-60.38783386
0.00957,0.511891521,-61.08447147
0.00958,0.357578574,-61.78229696
0.00959,0.203034788,-62.48125985
0.0096,0.048287782,-63.18130915
0.00961,-0.106634774,-63.88239336
0.00962,-0.261705166,-64.58446049
0.00963,-0.416895641,-65.28745807
0.00964,-0.572178415,-65.99133315
0.00965,-0.727525679,-66.69603235
0.00966,-0.882909606,-67.40150183
0.00967,-1.038302358,-68.10768729
0.00968,-1.193676093,-68.81453404
0.00969,-1.349002971,-69.52198697
0.0097,-1.50425516,-70.22999057
0.00971,-1.659404846,-70.93848893
0.00972,-1.814424236,-71.64742578
0.00973,-1.969285567,-72.35674448
0.00974,-2.123961112,-73.06638804
0.00975,-2.278423188,-73.77629913
0.00976,-2.432644158,-74.48642011
0.00977,-2.586596447,-75.196693
0.00978,-2.740252538,-75.90705953
0.00979,-2.893584986,-76.61746115
0.0098,-3.046566422,-77.32783903
0.00981,-3.19916956,-78.03813407
0.00982,-3.351367204,-78.74828693
0.00983,-3.503132253,-79.45823802
0.00984,-3.654437711,-80.16792755
0.00985,-3.80525669,-80.8772955
0.00986,-3.955562417,-81.58628167
0.00987,-4.105328244,-82.29482564
0.00988,-4.254527649,-83.00286686
0.00989,-4.403134248,-83.71034461
0.0099,-4.551121797,-84.41719801
0.00991,-4.698464201,-85.12336608
0.00992,-4.845135519,-85.82878768
0.00993,-4.99110997,-86.53340161
0.00994,-5.136361943,-87.23714656
0.00995,-5.280865996,-87.93996114
0.00996,-5.42459687,-88.6417839
0.00997,-5.56752949,-89.34255334
0.00998,-5.709638972,-90.04220793
0.00999,-5.850900631,-90.74068611
0.01,-5.991289985,-91.43792631
0.01001,-6.130782762,-92.13386698
0.01002,-6.269354904,-92.82844657
0.01003,-6.406982577,-93.52160358
0.01004,-6.543642171,-94.21327653
0.01005,-6.679310311,-94.90340402
0.01006,-6.81396386,-95.59192473
0.01007,-6.947579925,-96.2787774
0.01008,-7.080135862,-96.96390088
0.01009,-7.211609283,-97.64723416
0.0101,-7.34197806,-98.32871631
0.01011,-7.471220332,-99.00828659
0.01012,-7.599314506,-99.68588436
0.01013,-7.72623927,-100.3614492
0.01014,-7.851973591,-101.0349209
0.01015,-7.976496722,-101.7062392
0.01016,-8.099788208,-102.3753445
0.01017,-8.221827893,-103.042177
0.01018,-8.34259592,-103.7066773
0.01019,-8.462072738,-104.3687863
0.0102,-8.580239109,-105.0284451
0.01021,-8.69707611,-105.685595
0.01022,-8.812565137,-106.3401777
0.01023,-8.926687912,-106.9921352
0.01024,-9.039426486,-107.6414098
0.01025,-9.150763243,-108.287944
0.01026,-9.260680904,-108.9316808
0.01027,-9.369162534,-109.5725634
0.01028,-9.476191543,-110.2105356
0.01029,-9.581751689,-110.8455413
0.0103,-9.685827087,-111.477525
0.01031,-9.788402207,-112.1064315
0.01032,-9.889461882,-112.7322059
0.01033,-9.98899131,-113.354794
0.01034,-10.08697606,-113.9741418
0.01035,-10.18340206,-114.5901959
0.01036,-10.27825563,-115.2029032
0.01037,-10.37152347,-115.8122113
0.01038,-10.46319265,-116.418068
0.01039,-10.55325062,-117.0204218
0.0104,-10.64168523,-117.6192216
0.01041,-10.72848472,-118.214417
0.01042,-10.81363773,-118.8059579
0.01043,-10.89713328,-119.3937948
0.01044,-10.9789608,-119.9778788
0.01045,-11.05911011,-120.5581616
0.01046,-11.13757145,-121.1345954
0.01047,-11.21433546,-121.707133
0.01048,-11.28939318,-122.2757277
0.01049,-11.36273608,-122.8403335
0.0105,-11.43435601,-123.4009051
0.01051,-11.50424528,-123.9573977
0.01052,-11.57239657,-124.5097671
0.01053,-11.638803,-125.0579699
0.01054,-11.70345813,-125.601963
0.01055,-11.76635589,-126.1417045
0.01056,-11.82749068,-126.6771527
0.01057,-11.8868573,-127.2082669
0.01058,-11.94445098,-127.7350068
0.01059,-12.00026738,-128.2573329
0.0106,-12.05430259,-128.7752066
0.01061,-12.1065531,-129.2885897
0.01062,-12.15701587,-129.797445
0.01063,-12.20568825,-130.3017359
0.01064,-12.25256806,-130.8014264
0.01065,-12.29765352,-131.2964815
0.01066,-12.34094329,-131.7868667
0.01067,-12.38243646,-132.2725486
0.01068,-12.42213255,-132.7534942
0.01069,-12.46003151,-133.2296714
0.0107,-12.49613373,-133.701049
0.01071,-12.53044003,-134.1675965
0.01072,-12.56295164,-134.6292841
0.01073,-12.59367024,-135.0860829
0.01074,-12.62259793,-135.5379648
0.01075,-12.64973726,-135.9849025
0.01076,-12.67509117,-136.4268695
0.01077,-12.69866307,-136.8638401
0.01078,-12.72045675,-137.2957895
0.01079,-12.74047647,-137.7226936
0.0108,-12.75872689,-138.1445294
0.01081,-12.77521309,-138.5612743
0.01082,-12.78994059,-138.972907
0.01083,-12.80291531,-139.3794068
0.01084,-12.8141436,-139.7807539
0.01085,-12.82363223,-140.1769293
0.01086,-12.83138837,-140.567915
0.01087,-12.83741963,-140.9536937
0.01088,-12.841734,-141.3342492
0.01089,-12.8443399,-141.7095658
0.0109,-12.84524615,-142.079629
0.01091,-12.84446198,-142.4444251
0.01092,-12.84199701,-142.8039411
0.01093,-12.83786128,-143.1581652
0.01094,-12.83206521,-143.5070861
0.01095,-12.82461961,-143.8506938
0.01096,-12.81553571,-144.1889787
0.01097,-12.80482511,-144.5219325
0.01098,-12.79249979,-144.8495477
0.01099,-12.77857213,-145.1718174
0.011,-12.76305487,-145.488736
0.01101,-12.74596115,-145.8002985
0.01102,-12.72730446,-146.1065009
0.01103,-12.70709869,-146.40734
0.01104,-12.68535806,-146.7028136
0.01105,-12.66209717,-146.9929204
0.01106,-12.637331,-147.2776599
0.01107,-12.61107485,-147.5570324
0.01108,-12.58334439,-147.8310394
0.01109,-12.55415564,-148.0996829
0.0111,-12.52352495,-148.3629659
0.01111,-12.49146903,-148.6208926
0.01112,-12.4580049,-148.8734676
0.01113,-12.42314993,-149.1206967
0.01114,-12.38692181,-149.3625863
0.01115,-12.34933855,-149.5991441
0.01116,-12.31041849,-149.8303782
0.01117,-12.27018027,-150.0562978
0.01118,-12.22864283,-150.2769129
0.01119,-12.18582544,-150.4922345
0.0112,-12.14174764,-150.7022743
0.01121,-12.09642929,-150.9070448
0.01122,-12.04989052,-151.1065595
0.01123,-12.00215175,-151.3008327
0.01124,-11.95323368,-151.4898795
0.01125,-11.90315728,-151.6737158
0.01126,-11.85194379,-151.8523585
0.01127,-11.79961472,-152.0258251
0.01128,-11.74619182,-152.194134
0.01129,-11.6916971,-152.3573045
0.0113,-11.63615283,-152.5153566
0.01131,-11.57958151,-152.6683112
0.01132,-11.52200587,-152.8161899
0.01133,-11.46344886,-152.9590151
0.01134,-11.4039337,-153.0968101
0.01135,-11.34348376,-153.2295987
0.01136,-11.28212269,-153.3574059
0.01137,-11.21987429,-153.480257
0.01138,-11.15676259,-153.5981784
0.01139,-11.09281182,-153.711197
0.0114,-11.02804638,-153.8193408
0.01141,-10.96249085,-153.922638
0.01142,-10.89617001,-154.021118
0.01143,-10.82910878,-154.1148107
0.01144,-10.76133227,-154.2037468
0.01145,-10.69286573,-154.2879576
0.01146,-10.62373457,-154.367475
0.01147,-10.55396433,-154.442332
0.01148,-10.4835807,-154.5125618
0.01149,-10.41260951,-154.5781985
0.0115,-10.3410767,-154.6392768
0.01151,-10.26900833,-154.6958321
0.01152,-10.19643058,-154.7479005
0.01153,-10.12336974,-154.7955185
0.01154,-10.04985217,-154.8387234
0.01155,-9.97590437,-154.8775531
0.01156,-9.901552883,-154.912046
0.01157,-9.826824352,-154.9422411
0.01158,-9.751745488,-154.9681782
0.01159,-9.67634307,-154.9898973
0.0116,-9.600643935,-155.0074393
0.01161,-9.524674971,-155.0208455
0.01162,-9.448463114,-155.0301576
0.01163,-9.372035338,-155.035418
0.01164,-9.295418651,-155.0366697
0.01165,-9.218640084,-155.033956
0.01166,-9.14172669,-155.0273207
0.01167,-9.064705531,-155.0168082
0.01168,-8.987603677,-155.0024634
0.01169,-8.910448195,-154.9843314
0.0117,-8.833266145,-154.9624581
0.01171,-8.756084572,-154.9368894
0.01172,-8.678930497,-154.9076722
0.01173,-8.601830917,-154.8748532
0.01174,-8.524812789,-154.8384798
0.01175,-8.447903032,-154.7986
0.01176,-8.371128516,-154.7552616
0.01177,-8.294516052,-154.7085134
0.01178,-8.218092394,-154.658404
0.01179,-8.141884225,-154.6049827
0.0118,-8.065918152,-154.548299
0.01181,-7.990220701,-154.4884026
0.01182,-7.91481831,-154.4253437
0.01183,-7.83973732,-154.3591726
0.01184,-7.765003972,-154.28994
0.01185,-7.690644398,-154.2176969
0.01186,-7.616684616,-154.1424943
0.01187,-7.543150521,-154.0643837
0.01188,-7.470067881,-153.9834166
0.01189,-7.397462331,-153.899645
0.0119,-7.325359364,-153.8131207
0.01191,-7.253784326,-153.7238959
0.01192,-7.18276241,-153.6320231
0.01193,-7.112318649,-153.5375547
0.01194,-7.042477912,-153.4405433
0.01195,-6.973264894,-153.3410417
0.01196,-6.904704111,-153.2391028
0.01197,-6.836819898,-153.1347796
0.01198,-6.769636396,-153.0281251
0.01199,-6.703177552,-152.9191924
0.012,-6.63746711,-152.8080347
0.01201,-6.572528604,-152.6947053
0.01202,-6.508385356,-152.5792575
0.01203,-6.445060467,-152.4617444
0.01204,-6.382576811,-152.3422194
0.01205,-6.320957033,-152.2207358
0.01206,-6.260223539,-152.0973468
0.01207,-6.200398491,-151.9721056
0.01208,-6.141503807,-151.8450654
0.01209,-6.083561146,-151.7162792
0.0121,-6.026591911,-151.5858002
0.01211,-5.970617239,-151.4536813
0.01212,-5.915657999,-151.3199752
0.01213,-5.861734782,-151.1847347
0.01214,-5.8088679,-151.0480123
0.01215,-5.757077382,-150.9098606
0.01216,-5.706382963,-150.7703318
0.01217,-5.656804084,-150.6294779
0.01218,-5.608359887,-150.487351
0.01219,-5.561069208,-150.3440028
0.0122,-5.514950573,-150.1994848
0.01221,-5.470022195,-150.0538482
0.01222,-5.426301967,-149.9071443
0.01223,-5.383807459,-149.7594237
0.01224,-5.342555914,-149.610737
0.01225,-5.302564241,-149.4611346
0.01226,-5.263849015,-149.3106664
0.01227,-5.226426469,-149.1593821
0.01228,-5.190312492,-149.0073312
0.01229,-5.155522625,-148.8545627
0.0123,-5.122072056,-148.7011252
0.01231,-5.089975616,-148.5470674
0.01232,-5.059247777,-148.392437
0.01233,-5.029902649,-148.2372819
0.01234,-5.001953971,-148.0816492
0.01235,-4.975415114,-147.9255858
0.01236,-4.950299076,-147.7691383
0.01237,-4.926618474,-147.6123527
0.01238,-4.90438555,-147.4552745
0.01239,-4.883612157,-147.2979491
0.0124,-4.864309766,-147.140421
0.01241,-4.846489455,-146.9827346
0.01242,-4.830161913,-146.8249336
0.01243,-4.815337432,-146.6670614
0.01244,-4.802025907,-146.5091608
0.01245,-4.790236834,-146.351274
0.01246,-4.779979306,-146.1934429
0.01247,-4.77126201,-146.0357087
0.01248,-4.764093229,-145.8781121
0.01249,-4.758480834,-145.7206933
0.0125,-4.754432288,-145.5634919
0.01251,-4.751954638,-145.4065469
0.01252,-4.751054519,-145.2498969
0.01253,-4.751738148,-145.0935796
0.01254,-4.754011325,-144.9376325
0.01255,-4.757879429,-144.7820921
0.01256,-4.763347421,-144.6269945
0.01257,-4.770419836,-144.4723752
0.01258,-4.77910079,-144.3182689
0.01259,-4.789393971,-144.1647099
0.0126,-4.801302644,-144.0117317
0.01261,-4.814829646,-143.8593671
0.01262,-4.829977388,-143.7076483
0.01263,-4.846747854,-143.5566068
0.01264,-4.865142599,-143.4062735
0.01265,-4.885162749,-143.2566786
0.01266,-4.906809003,-143.1078514
0.01267,-4.930081628,-142.9598209
0.01268,-4.954980464,-142.8126149
0.01269,-4.98150492,-142.6662608
0.0127,-5.009653978,-142.5207854
0.01271,-5.039426188,-142.3762143
0.01272,-5.070819675,-142.2325728
0.01273,-5.103832132,-142.0898852
0.01274,-5.138460826,-141.9481753
0.01275,-5.174702598,-141.8074659
0.01276,-5.21255386,-141.6677792
0.01277,-5.2520106,-141.5291365
0.01278,-5.293068381,-141.3915584
0.01279,-5.335722343,-141.2550648
0.0128,-5.379967202,-141.1196748
0.01281,-5.425797255,-140.9854065
0.01282,-5.473206376,-140.8522776
0.01283,-5.522188023,-140.7203046
0.01284,-5.572735238,-140.5895035
0.01285,-5.624840644,-140.4598893
0.01286,-5.678496455,-140.3314764
0.01287,-5.733694471,-140.2042783
0.01288,-5.790426082,-140.0783076
0.01289,-5.848682271,-139.9535762
0.0129,-5.908453618,-139.8300952
0.01291,-5.969730297,-139.7078747
0.01292,-6.032502082,-139.5869243
0.01293,-6.096758349,-139.4672524
0.01294,-6.16248808,-139.348867
0.01295,-6.229679861,-139.2317748
0.01296,-6.29832189,-139.1159821
0.01297,-6.368401978,-139.0014941
0.01298,-6.439907549,-138.8883153
0.01299,-6.512825649,-138.7764494
0.013,-6.587142944,-138.6658991
0.01301,-6.662845724,-138.5566664
0.01302,-6.739919911,-138.4487525
0.01303,-6.818351056,-138.3421577
0.01304,-6.898124346,-138.2368814
0.01305,-6.979224607,-138.1329224
0.01306,-7.061636308,-138.0302784
0.01307,-7.145343564,-137.9289465
0.01308,-7.23033014,-137.8289228
0.01309,-7.316579458,-137.7302028
0.0131,-7.404074595,-137.6327808
0.01311,-7.492798292,-137.5366506
0.01312,-7.582732956,-137.4418052
0.01313,-7.673860667,-137.3482365
0.01314,-7.766163177,-137.2559358
0.01315,-7.859621922,-137.1648936
0.01316,-7.954218018,-137.0750995
0.01317,-8.049932274,-136.9865423
0.01318,-8.146745191,-136.8992101
0.01319,-8.244636967,-136.81309
0.0132,-8.343587505,-136.7281685
0.01321,-8.443576417,-136.6444312
0.01322,-8.544583026,-136.561863
0.01323,-8.646586376,-136.4804478
0.01324,-8.749565231,-136.4001691
0.01325,-8.853498087,-136.3210093
0.01326,-8.958363172,-136.2429501
0.01327,-9.064138454,-136.1659725
0.01328,-9.170801644,-136.0900568
0.01329,-9.278330206,-136.0151823
0.0133,-9.386701357,-135.9413277
0.01331,-9.495892076,-135.8684711
0.01332,-9.60587911,-135.7965897
0.01333,-9.716638976,-135.7256599
0.01334,-9.828147973,-135.6556575
0.01335,-9.94038218,-135.5865576
0.01336,-10.05331747,-135.5183345
0.01337,-10.16692951,-135.4509618
0.01338,-10.28119376,-135.3844126
0.01339,-10.39608551,-135.3186589
0.0134,-10.51157984,-135.2536725
0.01341,-10.62765167,-135.1894242
0.01342,-10.74427573,-135.1258841
0.01343,-10.86142658,-135.063022
0.01344,-10.97907865,-135.0008067
0.01345,-11.09720618,-134.9392064
0.01346,-11.21578328,-134.8781888
0.01347,-11.3347839,-134.817721
0.01348,-11.45418187,-134.7577693
0.01349,-11.57395089,-134.6982995
0.0135,-11.69406454,-134.6392768
0.01351,-11.81449626,-134.5806658
0.01352,-11.93521941,-134.5224305
0.01353,-12.05620722,-134.4645345
0.01354,-12.17743285,-134.4069405
0.01355,-12.29886934,-134.3496109
0.01356,-12.42048968,-134.2925075
0.01357,-12.54226675,-134.2355916
0.01358,-12.66417338,-134.178824
0.01359,-12.78618232,-134.1221649
0.0136,-12.90826629,-134.065574
0.01361,-13.03039793,-134.0090105
0.01362,-13.15254986,-133.9524334
0.01363,-13.27469464,-133.8958008
0.01364,-13.39680482,-133.8390706
0.01365,-13.51885292,-133.7822003
0.01366,-13.64081143,-133.7251468
0.01367,-13.76265286,-133.6678668
0.01368,-13.88434968,-133.6103162
0.01369,-14.00587439,-133.5524509
0.0137,-14.1271995,-133.4942263
0.01371,-14.24829752,-133.4355973
0.01372,-14.36914099,-133.3765186
0.01373,-14.4897025,-133.3169445
0.01374,-14.60995465,-133.2568288
0.01375,-14.7298701,-133.1961252
0.01376,-14.84942155,-133.134787
0.01377,-14.96858177,-133.0727672
0.01378,-15.08732359,-133.0100185
0.01379,-15.20561991,-132.9464933
0.0138,-15.3234437,-132.8821438
0.01381,-15.44076802,-132.8169219
0.01382,-15.55756603,-132.7507793
0.01383,-15.67381098,-132.6836675
0.01384,-15.78947621,-132.6155376
0.01385,-15.9045352,-132.5463408
0.01386,-16.01896152,-132.4760278
0.01387,-16.13272888,-132.4045494
0.01388,-16.24581111,-132.3318561
0.01389,-16.35818218,-132.2578982
0.0139,-16.46981622,-132.1826261
0.01391,-16.58068747,-132.1059897
0.01392,-16.69077037,-132.0279391
0.01393,-16.80003949,-131.9484243
0.01394,-16.90846958,-131.867395
0.01395,-17.01603557,-131.7848011
0.01396,-17.12271256,-131.7005922
0.01397,-17.22847583,-131.6147181
0.01398,-17.33330088,-131.5271283
0.01399,-17.43716339,-131.4377725
0.014,-17.54003924,-131.3466004
0.01401,-17.64190453,-131.2535615
0.01402,-17.74273557,-131.1586055
0.01403,-17.84250891,-131.0616823
0.01404,-17.94120131,-130.9627414
0.01405,-18.03878976,-130.8617328
0.01406,-18.13525151,-130.7586063
0.01407,-18.23056403,-130.6533121
0.01408,-18.32470508,-130.5458001
0.01409,-18.41765262,-130.4360206
0.0141,-18.50938492,-130.323924
0.01411,-18.5998805,-130.2094608
0.01412,-18.68911815,-130.0925816
0.01413,-18.77707693,-129.9732374
0.01414,-18.86373621,-129.8513791
0.01415,-18.94907561,-129.726958
0.01416,-19.03307507,-129.5999256
0.01417,-19.11571483,-129.4702335
0.01418,-19.1969754,-129.3378336
0.01419,-19.27683764,-129.202678
0.0142,-19.3552827,-129.0647194
0.01421,-19.43229204,-128.9239102
0.01422,-19.50784746,-128.7802037
0.01423,-19.58193106,-128.6335529
0.01424,-19.6545253,-128.4839117
0.01425,-19.72561296,-128.3312338
0.01426,-19.79517715,-128.1754737
0.01427,-19.86320134,-128.016586
0.01428,-19.92966933,-127.8545257
0.01429,-19.9945653,-127.6892481
0.0143,-20.05787374,-127.5207091
0.01431,-20.11957954,-127.3488649
0.01432,-20.17966793,-127.1736721
0.01433,-20.23812451,-126.9950876
0.01434,-20.29493525,-126.813069
0.01435,-20.3500865,-126.6275742
0.01436,-20.40356499,-126.4385616
0.01437,-20.4553578,-126.24599
0.01438,-20.50545242,-126.0498187
0.01439,-20.55383673,-125.8500077
0.0144,-20.60049899,-125.6465173
0.01441,-20.64542783,-125.4393083
0.01442,-20.68861231,-125.2283421
0.01443,-20.73004187,-125.0135807
0.01444,-20.76970634,-124.7949865
0.01445,-20.80759599,-124.5725226
0.01446,-20.84370145,-124.3461527
0.01447,-20.87801378,-124.1158408
0.01448,-20.91052445,-123.8815519
0.01449,-20.94122534,-123.6432514
0.0145,-20.97010873,-123.4009051
0.01451,-20.99716733,-123.1544799
0.01452,-21.02239427,-122.9039429
0.01453,-21.04578309,-122.649262
0.01454,-21.06732775,-122.3904058
0.01455,-21.08702263,-122.1273435
0.01456,-21.10486255,-121.8600451
0.01457,-21.12084274,-121.588481
0.01458,-21.13495885,-121.3126225
0.01459,-21.14720697,-121.0324416
0.0146,-21.15758362,-120.7479109
0.01461,-21.16608573,-120.4590038
0.01462,-21.17271069,-120.1656942
0.01463,-21.17745628,-119.8679572
0.01464,-21.18032075,-119.565768
0.01465,-21.18130275,-119.2591032
0.01466,-21.18040138,-118.9479396
0.01467,-21.17761617,-118.632255
0.01468,-21.17294708,-118.312028
0.01469,-21.1663945,-117.987238
0.0147,-21.15795925,-117.6578649
0.01471,-21.14764257,-117.3238897
0.01472,-21.13544617,-116.985294
0.01473,-21.12137215,-116.6420603
0.01474,-21.10542306,-116.2941718
0.01475,-21.08760188,-115.9416126
0.01476,-21.06791201,-115.5843676
0.01477,-21.04635729,-115.2224224
0.01478,-21.02294196,-114.8557635
0.01479,-20.99767073,-114.4843784
0.0148,-20.97054871,-114.1082551
0.01481,-20.94158142,-113.7273826
0.01482,-20.91077482,-113.3417508
0.01483,-20.8781353,-112.9513503
0.01484,-20.84366965,-112.5561728
0.01485,-20.8073851,-112.1562105
0.01486,-20.76928926,-111.7514568
0.01487,-20.72939019,-111.3419056
0.01488,-20.68769634,-110.9275519
0.01489,-20.64421658,-110.5083916
0.0149,-20.5989602,-110.0844214
0.01491,-20.55193686,-109.6556387
0.01492,-20.50315666,-109.222042
0.01493,-20.45263009,-108.7836305
0.01494,-20.40036801,-108.3404045
0.01495,-20.34638172,-107.892365
0.01496,-20.29068289,-107.4395138
0.01497,-20.23328358,-106.9818538
0.01498,-20.17419624,-106.5193887
0.01499,-20.11343369,-106.0521229
0.015,-20.05100916,-105.5800619
0.01501,-19.98693624,-105.1032121
0.01502,-19.92122889,-104.6215805
0.01503,-19.85390145,-104.1351752
0.01504,-19.78496861,-103.6440053
0.01505,-19.71444546,-103.1480805
0.01506,-19.64234741,-102.6474114
0.01507,-19.56869024,-102.1420098
0.01508,-19.4934901,-101.6318879
0.01509,-19.41676346,-101.1170592
0.0151,-19.33852716,-100.5975379
0.01511,-19.25879836,-100.073339
0.01512,-19.17759457,-99.54447835
0.01513,-19.09493361,-99.01097287
0.01514,-19.01083366,-98.47284018
0.01515,-18.92531319,-97.93009879
0.01516,-18.83839102,-97.38276809
0.01517,-18.75008625,-96.83086831
0.01518,-18.66041832,-96.27442053
0.01519,-18.56940696,-95.71344667
0.0152,-18.47707218,-95.14796951
0.01521,-18.38343433,-94.57801267
0.01522,-18.288514,-94.00360058
0.01523,-18.19233211,-93.42475853
0.01524,-18.09490982,-92.84151262
0.01525,-17.99626858,-92.25388978
0.01526,-17.89643012,-91.66191776
0.01527,-17.79541641,-91.06562509
0.01528,-17.69324971,-90.46504116
0.01529,-17.58995249,-89.8601961
0.0153,-17.48554751,-89.25112089
0.01531,-17.38005774,-88.63784727
0.01532,-17.2735064,-88.02040776
0.01533,-17.16591694,-87.39883566
0.01534,-17.05731303,-86.77316505
0.01535,-16.94771856,-86.14343076
0.01536,-16.83715764,-85.50966839
0.01537,-16.72565456,-84.87191428
0.01538,-16.61323386,-84.2302055
0.01539,-16.49992022,-83.58457988
0.0154,-16.38573854,-82.93507596
0.01541,-16.2707139,-82.28173301
0.01542,-16.15487156,-81.62459099
0.01543,-16.03823693,-80.96369058
0.01544,-15.92083561,-80.29907315
0.01545,-15.80269333,-79.63078077
0.01546,-15.68383599,-78.95885615
0.01547,-15.56428964,-78.28334272
0.01548,-15.44408046,-77.60428453
0.01549,-15.32323475,-76.92172629
0.0155,-15.20177895,-76.23571336
0.01551,-15.07973962,-75.54629172
0.01552,-14.95714344,-74.85350798
0.01553,-14.83401717,-74.15740937
0.01554,-14.71038769,-73.4580437
0.01555,-14.58628198,-72.75545939
0.01556,-14.46172707,-72.04970544
0.01557,-14.33675012,-71.34083142
0.01558,-14.21137832,-70.62888746
0.01559,-14.08563895,-69.91392424
0.0156,-13.95955935,-69.19599299
0.01561,-13.8331669,-68.47514546
0.01562,-13.70648903,-67.75143391
0.01563,-13.57955322,-67.02491112
0.01564,-13.45238697,-66.29563037
0.01565,-13.32501782,-65.56364542
0.01566,-13.1974733,-64.8290105
0.01567,-13.069781,-64.0917803
0.01568,-12.94196847,-63.35200996
0.01569,-12.81406328,-62.60975506
0.0157,-12.686093,-61.86507161
0.01571,-12.55808517,-61.11801604
0.01572,-12.43006732,-60.36864516
0.01573,-12.30206694,-59.61701619
0.01574,-12.17411149,-58.86318672
0.01575,-12.04622839,-58.1072147
0.01576,-11.91844502,-57.34915845
0.01577,-11.79078869,-56.58907661
0.01578,-11.66328666,-55.82702815
0.01579,-11.53596612,-55.06307238
0.0158,-11.40885418,-54.29726888
0.01581,-11.28197786,-53.52967753
0.01582,-11.15536412,-52.76035849
0.01583,-11.02903979,-51.98937219
0.01584,-10.90303163,-51.21677929
0.01585,-10.77736627,-50.4426407
0.01586,-10.65207024,-49.66701755
0.01587,-10.52716994,-48.88997119
0.01588,-10.40269164,-48.11156316
0.01589,-10.27866149,-47.33185518
0.0159,-10.15510548,-46.55090914
0.01591,-10.03204948,-45.76878709
0.01592,-9.909519172,-44.98555124
0.01593,-9.787540113,-44.20126389
0.01594,-9.666137673,-43.4159875
0.01595,-9.545337058,-42.62978462
0.01596,-9.425163293,-41.84271786
0.01597,-9.305641221,-41.05484995
0.01598,-9.186795495,-40.26624366
0.01599,-9.068650571,-39.4769618
0.016,-8.951230701,-38.68706724
0.01601,-8.834559932,-37.89662285
0.01602,-8.718662096,-37.10569151
0.01603,-8.603560803,-36.31433611
0.01604,-8.489279441,-35.52261951
0.01605,-8.375841164,-34.73060453
0.01606,-8.26326889,-33.93835395
0.01607,-8.151585294,-33.1459305
0.01608,-8.040812803,-32.35339682
0.01609,-7.930973591,-31.56081547
0.0161,-7.822089571,-30.7682489
0.01611,-7.714182393,-29.97575946
0.01612,-7.607273439,-29.18340937
0.01613,-7.501383812,-28.39126069
0.01614,-7.396534338,-27.59937535
0.01615,-7.292745558,-26.8078151
0.01616,-7.19003772,-26.01664151
0.01617,-7.08843078,-25.22591594
0.01618,-6.987944392,-24.43569957
0.01619,-6.888597906,-23.64605334
0.0162,-6.790410362,-22.85703797
0.01621,-6.693400487,-22.0687139
0.01622,-6.597586687,-21.28114135
0.01623,-6.502987047,-20.49438024
0.01624,-6.409619324,-19.70849022
0.01625,-6.317500943,-18.92353063
0.01626,-6.226648991,-18.13956049
0.01627,-6.137080216,-17.35663852
0.01628,-6.048811023,-16.57482309
0.01629,-5.961857467,-15.79417221
0.0163,-5.87623525,-15.01474354
0.01631,-5.791959719,-14.23659437
0.01632,-5.709045861,-13.45978159
0.01633,-5.6275083,-12.68436171
0.01634,-5.547361291,-11.9103908
0.01635,-5.468618721,-11.13792453
0.01636,-5.391294102,-10.36701814
0.01637,-5.315400567,-9.597726402
0.01638,-5.240950872,-8.830103652
0.01639,-5.167957387,-8.064203744
0.0164,-5.096432096,-7.300080056
0.01641,-5.026386596,-6.537785472
0.01642,-4.957832088,-5.777372376
0.01643,-4.890779382,-5.018892635
0.01644,-4.825238887,-4.262397593
0.01645,-4.761220615,-3.507938059
0.01646,-4.698734174,-2.755564294
0.01647,-4.637788767,-2.005326004
0.01648,-4.578393192,-1.257272327
0.01649,-4.520555837,-0.511451826
0.0165,-4.464284678,0.232087526
0.01651,-4.409587279,0.973298351
0.01652,-4.35647079,1.71213388
0.01653,-4.304941944,2.448547956
0.01654,-4.255007055,3.182495054
0.01655,-4.206672019,3.913930278
0.01656,-4.159942309,4.642809382
0.01657,-4.11482298,5.369088769
0.01658,-4.071318659,6.092725506
0.01659,-4.02943355,6.81367733
0.0166,-3.989171434,7.531902658
0.01661,-3.950535663,8.247360595
0.01662,-3.913529162,8.96001094
0.01663,-3.87815443,9.669814197
0.01664,-3.844413537,10.37673158
0.01665,-3.812308123,11.08072503
0.01666,-3.781839401,11.7817572
0.01667,-3.753008153,12.47979148
0.01668,-3.725814733,13.17479202
0.01669,-3.700259065,13.8667237
0.0167,-3.676340644,14.55555215
0.01671,-3.654058535,15.24124378
0.01672,-3.633411376,15.92376575
0.01673,-3.614397373,16.603086
0.01674,-3.597014308,17.27917325
0.01675,-3.581259533,17.95199701
0.01676,-3.567129976,18.62152758
0.01677,-3.554622136,19.28773605
0.01678,-3.54373209,19.95059431
0.01679,-3.53445549,20.61007506
0.0168,-3.526787564,21.26615182
0.01681,-3.520723122,21.91879892
0.01682,-3.516256552,22.5679915
0.01683,-3.513381822,23.21370554
0.01684,-3.512092485,23.85591784
0.01685,-3.512381677,24.49460604
0.01686,-3.514242124,25.1297486
0.01687,-3.517666135,25.76132484
0.01688,-3.522645613,26.38931491
0.01689,-3.529172051,27.0136998
0.0169,-3.53723654,27.63446137
0.01691,-3.546829763,28.2515823
0.01692,-3.557942006,28.86504615
0.01693,-3.570563154,29.47483733
0.01694,-3.584682698,30.0809411
0.01695,-3.600289734,30.68334357
0.01696,-3.617372969,31.28203173
0.01697,-3.635920723,31.87699343
0.01698,-3.655920928,32.46821736
0.01699,-3.677361139,33.0556931
0.017,-3.70022853,33.63941108
0.01701,-3.7245099,34.21936261
0.01702,-3.750191676,34.79553983
0.01703,-3.777259917,35.36793579
0.01704,-3.805700318,35.93654437
0.01705,-3.83549821,36.50136034
0.01706,-3.86663857,37.06237931
0.01707,-3.899106018,37.61959776
0.01708,-3.932884827,38.17301304
0.01709,-3.96795892,38.72262337
0.0171,-4.004311882,39.26842779
0.01711,-4.041926959,39.81042624
0.01712,-4.080787062,40.34861949
0.01713,-4.120874773,40.88300918
0.01714,-4.162172352,41.41359778
0.01715,-4.204661734,41.94038863
0.01716,-4.248324541,42.4633859
0.01717,-4.293142083,42.98259461
0.01718,-4.339095364,43.49802062
0.01719,-4.386165084,44.00967063
0.0172,-4.434331649,44.51755217
0.01721,-4.483575169,45.02167358
0.01722,-4.533875471,45.52204407
0.01723,-4.585212097,46.01867361
0.01724,-4.637564313,46.51157305
0.01725,-4.690911113,47.00075401
0.01726,-4.745231225,47.48622892
0.01727,-4.800503116,47.96801103
0.01728,-4.856704996,48.44611438
0.01729,-4.913814825,48.9205538
0.0173,-4.97181032,49.39134491
0.01731,-5.030668956,49.85850409
0.01732,-5.090367977,50.32204853
0.01733,-5.150884397,50.78199616
0.01734,-5.212195009,51.23836568
0.01735,-5.274276389,51.69117655
0.01736,-5.337104903,52.14044899
0.01737,-5.400656713,52.58620393
0.01738,-5.464907782,53.02846306
0.01739,-5.529833878,53.46724879
0.0174,-5.595410587,53.90258426
0.01741,-5.661613311,54.3344933
0.01742,-5.72841728,54.76300047
0.01743,-5.795797554,55.18813102
0.01744,-5.863729032,55.60991088
0.01745,-5.932186457,56.02836666
0.01746,-6.001144425,56.44352567
0.01747,-6.070577386,56.85541584
0.01748,-6.140459655,57.26406579
0.01749,-6.210765418,57.66950478
0.0175,-6.281468735,58.07176269
0.01751,-6.352543549,58.47087004
0.01752,-6.423963696,58.86685798
0.01753,-6.495702904,59.25975824
0.01754,-6.567734804,59.64960318
0.01755,-6.640032939,60.03642572
0.01756,-6.712570763,60.42025939
0.01757,-6.785321657,60.80113827
0.01758,-6.858258928,61.179097
0.01759,-6.931355819,61.55417078
0.0176,-7.004585517,61.92639533
0.01761,-7.077921157,62.29580692
0.01762,-7.151335828,62.66244231
0.01763,-7.224802585,63.0263388
0.01764,-7.298294449,63.38753415
0.01765,-7.371784419,63.74606663
0.01766,-7.445245477,64.10197496
0.01767,-7.518650591,64.45529835
0.01768,-7.591972731,64.80607644
0.01769,-7.665184864,65.1543493
0.0177,-7.73825997,65.50015745
0.01771,-7.811171046,65.84354181
0.01772,-7.883891111,66.18454371
0.01773,-7.956393214,66.52320486
0.01774,-8.02865044,66.85956735
0.01775,-8.10063592,67.19367365
0.01776,-8.172322832,67.52556658
0.01777,-8.243684414,67.85528929
0.01778,-8.314693964,68.18288527
0.01779,-8.385324855,68.50839833
0.0178,-8.455550532,68.83187257
0.01781,-8.525344527,69.15335239
0.01782,-8.59468046,69.47288248
0.01783,-8.66353205,69.79050778
0.01784,-8.731873117,70.10627349
0.01785,-8.799677593,70.42022505
0.01786,-8.866919524,70.73240813
0.01787,-8.933573081,71.0428686
0.01788,-8.999612565,71.35165257
0.01789,-9.06501241,71.65880629
0.0179,-9.129747194,71.96437621
0.01791,-9.193791643,72.26840894
0.01792,-9.25712064,72.57095125
0.01793,-9.319709226,72.87205002
0.01794,-9.381532611,73.17175227
0.01795,-9.442566179,73.47010512
0.01796,-9.502785494,73.7671558
0.01797,-9.562166304,74.06295161
0.01798,-9.620684551,74.35753991
0.01799,-9.678316374,74.65096814
0.018,-9.735038117,74.94328376
0.01801,-9.790826334,75.23453427
0.01802,-9.845657793,75.52476719
0.01803,-9.899509486,75.81403002
0.01804,-9.95235863,76.10237026
0.01805,-10.00418268,76.38983541
0.01806,-10.05495932,76.67647288
0.01807,-10.10466649,76.96233008
0.01808,-10.15328237,77.24745432
0.01809,-10.20078541,77.53189285
0.0181,-10.2471543,77.81569281
0.01811,-10.29236801,78.09890125
0.01812,-10.33640578,78.3815651
0.01813,-10.37924713,78.66373115
0.01814,-10.42087185,78.94544605
0.01815,-10.46126003,79.22675631
0.01816,-10.50039203,79.50770822
0.01817,-10.53824855,79.78834795
0.01818,-10.57481054,80.06872141
0.01819,-10.61005929,80.34887435
0.0182,-10.6439764,80.62885227
0.01821,-10.67654377,80.90870043
0.01822,-10.70774362,81.18846386
0.01823,-10.73755853,81.46818732
0.01824,-10.76597135,81.74791529
0.01825,-10.79296532,82.02769197
0.01826,-10.81852399,82.30756127
0.01827,-10.84263125,82.58756675
0.01828,-10.86527134,82.8677517
0.01829,-10.88642887,83.14815903
0.0183,-10.90608877,83.42883133
0.01831,-10.92423635,83.7098108
0.01832,-10.94085727,83.9911393
0.01833,-10.95593757,84.27285829
0.01834,-10.96946364,84.55500882
0.01835,-10.98142226,84.83763155
0.01836,-10.99180058,85.12076672
0.01837,-11.00058611,85.40445414
0.01838,-11.00776678,85.68873315
0.01839,-11.01333086,85.97364268
0.0184,-11.01726705,86.25922116
0.01841,-11.01956441,86.54550656
0.01842,-11.02021241,86.83253637
0.01843,-11.01920092,87.12034755
0.01844,-11.01652019,87.40897659
0.01845,-11.01216088,87.69845944
0.01846,-11.00611407,87.98883153
0.01847,-10.99837122,88.28012774
0.01848,-10.98892421,88.5723824
0.01849,-10.97776534,88.8656293
0.0185,-10.96488732,89.15990164
0.01851,-10.95028325,89.45523205
0.01852,-10.93394668,89.75165257
0.01853,-10.91587156,90.04919463
0.01854,-10.89605226,90.34788908
0.01855,-10.87448357,90.64776613
0.01856,-10.8511607,90.94885536
0.01857,-10.8260793,91.25118575
0.01858,-10.79923544,91.55478559
0.01859,-10.77062559,91.85968256
0.0186,-10.74024669,92.16590366
0.01861,-10.70809606,92.47347523
0.01862,-10.67417149,92.78242292
0.01863,-10.63847117,93.09277171
0.01864,-10.60099375,93.40454589
0.01865,-10.56173827,93.71776905
0.01866,-10.52070424,94.03246407
0.01867,-10.47789157,94.34865312
0.01868,-10.43330062,94.66635764
0.01869,-10.38693217,94.98559837
0.0187,-10.33878744,95.30639529
0.01871,-10.28886808,95.62876765
0.01872,-10.23717615,95.95273396
0.01873,-10.18371417,96.27831198
0.01874,-10.12848508,96.60551869
0.01875,-10.07149222,96.93437035
0.01876,-10.0127394,97.26488241
0.01877,-9.952230839,97.59706957
0.01878,-9.889971175,97.93094575
0.01879,-9.825965479,98.26652407
0.0188,-9.760219247,98.60381689
0.01881,-9.692738393,98.94283576
0.01882,-9.623529257,99.28359142
0.01883,-9.552598596,99.62609385
0.01884,-9.479953586,99.97035219
0.01885,-9.40560182,100.3163748
0.01886,-9.329551305,100.6641692
0.01887,-9.251810463,101.0137421
0.01888,-9.172388124,101.3650994
0.01889,-9.091293529,101.7182462
0.0189,-9.008536325,102.0731868
0.01891,-8.924126565,102.4299246
0.01892,-8.838074703,102.7884622
0.01893,-8.750391591,103.1488014
0.01894,-8.661088481,103.5109431
0.01895,-8.570177017,103.8748875
0.01896,-8.477669237,104.2406338
0.01897,-8.383577565,104.6081805
0.01898,-8.287914814,104.9775252
0.01899,-8.190694176,105.3486647
0.019,-8.091929226,105.7215949
0.01901,-7.991633913,106.096311
0.01902,-7.88982256,106.4728072
0.01903,-7.78650986,106.8510768
0.01904,-7.68171087,107.2311127
0.01905,-7.575441013,107.6129064
0.01906,-7.467716066,107.9964489
0.01907,-7.358552166,108.3817303
0.01908,-7.247965798,108.7687399
0.01909,-7.135973793,109.1574661
0.0191,-7.022593329,109.5478965
0.01911,-6.907841919,109.9400178
0.01912,-6.791737413,110.3338161
0.01913,-6.674297991,110.7292763
0.01914,-6.555542158,111.126383
0.01915,-6.435488742,111.5251194
0.01916,-6.314156886,111.9254684
0.01917,-6.191566049,112.3274117
0.01918,-6.067735993,112.7309304
0.01919,-5.942686786,113.1360047
0.0192,-5.816438793,113.5426141
0.01921,-5.689012674,113.9507373
0.01922,-5.560429374,114.3603521
0.01923,-5.430710123,114.7714355
0.01924,-5.299876428,115.1839638
0.01925,-5.167950072,115.5979125
0.01926,-5.0349531,116.0132564
0.01927,-4.900907823,116.4299695
0.01928,-4.765836807,116.8480248
0.01929,-4.629762872,117.2673949
0.0193,-4.49270908,117.6880513
0.01931,-4.354698736,118.1099652
0.01932,-4.215755377,118.5331065
0.01933,-4.075902771,118.9574449
0.01934,-3.935164909,119.382949
0.01935,-3.793565998,119.8095869
0.01936,-3.651130457,120.2373258
0.01937,-3.50788291,120.6661323
0.01938,-3.363848181,121.0959723
0.01939,-3.219051287,121.526811
0.0194,-3.073517433,121.9586129
0.01941,-2.927272005,122.3913419
0.01942,-2.780340563,122.8249611
0.01943,-2.632748839,123.259433
0.01944,-2.484522724,123.6947195
0.01945,-2.335688267,124.1307817
0.01946,-2.186271668,124.5675802
0.01947,-2.036299269,125.005075
0.01948,-1.88579755,125.4432254
0.01949,-1.734793122,125.88199
0.0195,-1.58331272,126.3213271
0.01951,-1.431383198,126.7611941
0.01952,-1.27903152,127.2015479
0.01953,-1.126284755,127.642345
0.01954,-0.973170072,128.0835411
0.01955,-0.819714729,128.5250915
0.01956,-0.665946071,128.9669509
0.01957,-0.511891521,129.4090735
0.01958,-0.357578574,129.8514129
0.01959,-0.203034788,130.2939223
0.0196,-0.048287782,130.7365544
0.01961,0.106634774,131.1792612
0.01962,0.261705166,131.6219945
0.01963,0.416895641,132.0647055
0.01964,0.572178415,132.507345
0.01965,0.727525679,132.9498633
0.01966,0.882909606,133.3922102
0.01967,1.038302358,133.8343352
0.01968,1.193676093,134.2761874
0.01969,1.349002971,134.7177154
0.0197,1.50425516,135.1588675
0.01971,1.659404846,135.5995916
0.01972,1.814424236,136.0398352
0.01973,1.969285567,136.4795455
0.01974,2.123961112,136.9186694
0.01975,2.278423188,137.3571532
0.01976,2.432644158,137.7949434
0.01977,2.586596447,138.2319857
0.01978,2.740252538,138.6682257
0.01979,2.893584986,139.1036089
0.0198,3.046566422,139.5380803
0.01981,3.19916956,139.9715847
0.01982,3.351367204,140.4040667
0.01983,3.503132253,140.8354706
0.01984,3.654437711,141.2657407
0.01985,3.80525669,141.6948209
0.01986,3.955562417,142.122655
0.01987,4.105328244,142.5491865
0.01988,4.254527649,142.9743589
0.01989,4.403134248,143.3981154
0.0199,4.551121797,143.8203994
0.01991,4.698464201,144.2411538
0.01992,4.845135519,144.6603215
0.01993,4.99110997,145.0778454
0.01994,5.136361943,145.4936683
0.01995,5.280865996,145.9077328
0.01996,5.42459687,146.3199817
0.01997,5.56752949,146.7303576
0.01998,5.709638972,147.1388029
0.01999,5.850900631,147.5452604
0.02,5.991289985,147.9496726
0.02001,6.130782762,148.3519821
0.02002,6.269354904,148.7521316
0.02003,6.406982577,149.1500637
0.02004,6.543642171,149.5457211
0.02005,6.679310311,149.9390466
0.02006,6.81396386,150.3299832
0.02007,6.947579925,150.7184738
0.02008,7.080135862,151.1044615
0.02009,7.211609283,151.4878896
0.0201,7.34197806,151.8687013
0.02011,7.471220332,152.2468402
0.02012,7.599314506,152.62225
0.02013,7.72623927,152.9948745
0.02014,7.851973591,153.3646578
0.02015,7.976496722,153.7315441
0.02016,8.099788208,154.0954778
0.02017,8.221827893,154.4564038
0.02018,8.34259592,154.8142669
0.02019,8.462072738,155.1690122
0.0202,8.580239109,155.5205854
0.02021,8.69707611,155.8689321
0.02022,8.812565137,156.2139985
0.02023,8.926687912,156.5557308
0.02024,9.039426486,156.8940757
0.02025,9.150763243,157.2289803
0.02026,9.260680904,157.5603919
0.02027,9.369162534,157.8882582
0.02028,9.476191543,158.2125274
0.02029,9.581751689,158.5331479
0.0203,9.685827087,158.8500687
0.02031,9.788402207,159.1632389
0.02032,9.889461882,159.4726084
0.02033,9.98899131,159.7781272
0.02034,10.08697606,160.079746
0.02035,10.18340206,160.3774157
0.02036,10.27825563,160.671088
0.02037,10.37152347,160.9607148
0.02038,10.46319265,161.2462485
0.02039,10.55325062,161.5276423
0.0204,10.64168523,161.8048496
0.02041,10.72848472,162.0778244
0.02042,10.81363773,162.3465214
0.02043,10.89713328,162.6108955
0.02044,10.9789608,162.8709026
0.02045,11.05911011,163.1264989
0.02046,11.13757145,163.3776411
0.02047,11.21433546,163.6242867
0.02048,11.28939318,163.8663938
0.02049,11.36273608,164.1039209
0.0205,11.43435601,164.3368273
0.02051,11.50424528,164.5650728
0.02052,11.57239657,164.7886181
0.02053,11.638803,165.0074243
0.02054,11.70345813,165.2214532
0.02055,11.76635589,165.4306672
0.02056,11.82749068,165.6350296
0.02057,11.8868573,165.8345043
0.02058,11.94445098,166.0290557
0.02059,12.00026738,166.2186492
0.0206,12.05430259,166.4032507
0.02061,12.1065531,166.5828268
0.02062,12.15701587,166.7573451
0.02063,12.20568825,166.9267736
0.02064,12.25256806,167.0910814
0.02065,12.29765352,167.2502379
0.02066,12.34094329,167.4042136
0.02067,12.38243646,167.5529797
0.02068,12.42213255,167.6965081
0.02069,12.46003151,167.8347715
0.0207,12.49613373,167.9677435
0.02071,12.53044003,168.0953984
0.02072,12.56295164,168.2177112
0.02073,12.59367024,168.3346578
0.02074,12.62259793,168.446215
0.02075,12.64973726,168.5523603
0.02076,12.67509117,168.6530721
0.02077,12.69866307,168.7483294
0.02078,12.72045675,168.8381124
0.02079,12.74047647,168.9224018
0.0208,12.75872689,169.0011795
0.02081,12.77521309,169.0744278
0.02082,12.78994059,169.1421302
0.02083,12.80291531,169.2042709
0.02084,12.8141436,169.260835
0.02085,12.82363223,169.3118085
0.02086,12.83138837,169.3571781
0.02087,12.83741963,169.3969317
0.02088,12.841734,169.4310577
0.02089,12.8443399,169.4595456
0.0209,12.84524615,169.4823857
0.02091,12.84446198,169.4995692
0.02092,12.84199701,169.5110882
0.02093,12.83786128,169.5169356
0.02094,12.83206521,169.5171053
0.02095,12.82461961,169.5115919
0.02096,12.81553571,169.5003913
0.02097,12.80482511,169.4834997
0.02098,12.79249979,169.4609147
0.02099,12.77857213,169.4326346
0.021,12.76305487,169.3986585
0.02101,12.74596115,169.3589864
0.02102,12.72730446,169.3136195
0.02103,12.70709869,169.2625595
0.02104,12.68535806,169.2058091
0.02105,12.66209717,169.1433721
0.02106,12.637331,169.075253
0.02107,12.61107485,169.0014571
0.02108,12.58334439,168.9219909
0.02109,12.55415564,168.8368614
0.0211,12.52352495,168.7460769
0.02111,12.49146903,168.6496462
0.02112,12.4580049,168.5475792
0.02113,12.42314993,168.4398867
0.02114,12.38692181,168.3265802
0.02115,12.34933855,168.2076723
0.02116,12.31041849,168.0831762
0.02117,12.27018027,167.9531062
0.02118,12.22864283,167.8174775
0.02119,12.18582544,167.6763059
0.0212,12.14174764,167.5296082
0.02121,12.09642929,167.3774021
0.02122,12.04989052,167.2197062
0.02123,12.00215175,167.0565397
0.02124,11.95323368,166.8879229
0.02125,11.90315728,166.7138768
0.02126,11.85194379,166.5344233
0.02127,11.79961472,166.349585
0.02128,11.74619182,166.1593855
0.02129,11.6916971,165.9638491
0.0213,11.63615283,165.7630009
0.02131,11.57958151,165.556867
0.02132,11.52200587,165.3454739
0.02133,11.46344886,165.1288493
0.02134,11.4039337,164.9070215
0.02135,11.34348376,164.6800196
0.02136,11.28212269,164.4478734
0.02137,11.21987429,164.2106135
0.02138,11.15676259,163.9682714
0.02139,11.09281182,163.7208792
0.0214,11.02804638,163.4684698
0.02141,10.96249085,163.2110769
0.02142,10.89617001,162.9487346
0.02143,10.82910878,162.6814782
0.02144,10.76133227,162.4093433
0.02145,10.69286573,162.1323666
0.02146,10.62373457,161.8505851
0.02147,10.55396433,161.5640367
0.02148,10.4835807,161.2727599
0.02149,10.41260951,160.9767939
0.0215,10.3410767,160.6761787
0.02151,10.26900833,160.3709547
0.02152,10.19643058,160.061163
0.02153,10.12336974,159.7468455
0.02154,10.04985217,159.4280444
0.02155,9.97590437,159.104803
0.02156,9.901552883,158.7771646
0.02157,9.826824352,158.4451736
0.02158,9.751745488,158.1088748
0.02159,9.67634307,157.7683133
0.0216,9.600643935,157.4235353
0.02161,9.524674971,157.074587
0.02162,9.448463114,156.7215156
0.02163,9.372035338,156.3643684
0.02164,9.295418651,156.0031936
0.02165,9.218640084,155.6380396
0.02166,9.14172669,155.2689555
0.02167,9.064705531,154.8959908
0.02168,8.987603677,154.5191954
0.02169,8.910448195,154.1386197
0.0217,8.833266145,153.7543147
0.02171,8.756084572,153.3663316
0.02172,8.678930497,152.9747221
0.02173,8.601830917,152.5795384
0.02174,8.524812789,152.180833
0.02175,8.447903032,151.7786588
0.02176,8.371128516,151.3730691
0.02177,8.294516052,150.9641176
0.02178,8.218092394,150.5518581
0.02179,8.141884225,150.1363451
